{ "columns":13,
 "image":"..\/img\/tilesets\/K_Whitespace.png",
 "imageheight":192,
 "imagewidth":416,
 "margin":0,
 "name":"K_Whitespace",
 "spacing":0,
 "tilecount":78,
 "tileheight":32,
 "tiles":
    {
     "32":
        {
         "animation":[
                {
                 "duration":150,
                 "tileid":32
                }, 
                {
                 "duration":150,
                 "tileid":35
                }, 
                {
                 "duration":150,
                 "tileid":61
                }]
        },
     "33":
        {
         "animation":[
                {
                 "duration":150,
                 "tileid":33
                }, 
                {
                 "duration":150,
                 "tileid":36
                }, 
                {
                 "duration":150,
                 "tileid":62
                }]
        },
     "34":
        {
         "animation":[
                {
                 "duration":150,
                 "tileid":34
                }, 
                {
                 "duration":150,
                 "tileid":37
                }, 
                {
                 "duration":150,
                 "tileid":63
                }]
        },
     "45":
        {
         "animation":[
                {
                 "duration":150,
                 "tileid":45
                }, 
                {
                 "duration":150,
                 "tileid":48
                }, 
                {
                 "duration":150,
                 "tileid":74
                }]
        },
     "46":
        {
         "animation":[
                {
                 "duration":150,
                 "tileid":46
                }, 
                {
                 "duration":150,
                 "tileid":49
                }, 
                {
                 "duration":150,
                 "tileid":75
                }]
        },
     "47":
        {
         "animation":[
                {
                 "duration":150,
                 "tileid":47
                }, 
                {
                 "duration":150,
                 "tileid":50
                }, 
                {
                 "duration":150,
                 "tileid":76
                }]
        }
    },
 "tilewidth":32,
 "type":"tileset"
}