{ "columns":32,
 "image":"..\/img\/tilesets\/lol.png",
 "imageheight":1024,
 "imagewidth":1024,
 "margin":0,
 "name":"lol",
 "spacing":0,
 "tilecount":1024,
 "tileheight":32,
 "tileproperties":
    {
     "92":
        {
         "collision":"tile-base"
        }
    },
 "tilepropertytypes":
    {
     "92":
        {
         "collision":"string"
        }
    },
 "tiles":
    {
     "90":
        {
         "animation":[
                {
                 "duration":200,
                 "tileid":90
                }, 
                {
                 "duration":200,
                 "tileid":91
                }, 
                {
                 "duration":200,
                 "tileid":122
                }, 
                {
                 "duration":200,
                 "tileid":91
                }]
        }
    },
 "tilewidth":32,
 "type":"tileset"
}