{ "height":16,
 "layers":[
        {
         "data":[39, 39, 39, 39, 39, 39, 39, 39, 39, 39, 39, 39, 39, 39, 39, 39, 39, 39, 39, 39, 39, 39, 39, 39, 39, 39, 39, 39, 39, 39, 39, 39, 39, 39, 39, 39, 39, 39, 39, 39, 39, 39, 39, 39, 39, 39, 39, 39, 39, 39, 39, 39, 39, 39, 39, 39, 39, 39, 39, 39, 39, 39, 39, 39, 39, 39, 39, 39, 39, 39, 39, 39, 39, 39, 39, 39, 39, 39, 39, 39, 39, 39, 39, 39, 39, 39, 39, 39, 39, 39, 39, 39, 39, 39, 1217, 1217, 39, 39, 39, 39, 39, 39, 39, 39, 39, 39, 39, 39, 39, 39, 39, 39, 39, 39, 1217, 1217, 39, 39, 39, 39, 39, 39, 39, 39, 39, 39, 39, 39, 39, 39, 39, 39, 39, 39, 1217, 1217, 39, 39, 39, 39, 39, 39, 39, 39, 39, 39, 39, 39, 39, 39, 39, 39, 39, 39, 39, 39, 39, 39, 39, 39, 39, 39, 39, 39, 39, 39, 39, 39, 39, 39, 39, 39, 39, 39, 39, 39, 39, 39, 39, 39, 39, 39, 39, 39, 39, 39, 39, 39, 39, 39, 39, 39, 39, 39, 39, 39, 39, 39, 39, 39, 39, 39, 39, 39, 39, 39, 39, 39, 39, 39, 39, 39, 39, 39, 39, 39, 39, 39, 39, 39, 39, 39, 39, 39, 39, 39, 39, 39, 39, 39, 39, 39, 39, 39, 39, 39, 39, 39, 39, 39, 39, 39, 39, 39, 39, 39, 39, 39, 39, 39, 39, 39, 39, 39, 39, 39, 39, 39, 39, 39, 39, 39, 39, 39, 39, 39, 39, 39, 39, 39, 39, 39, 39, 39, 39, 39, 39, 39, 39, 39, 39, 39, 39, 39, 39, 39, 39, 39, 39, 39, 39, 39, 39, 39, 39, 39, 39, 39, 39, 39, 39, 39, 39, 39, 39, 39, 39, 39, 39, 39, 39, 39, 39, 39, 39, 39, 39, 39, 39, 39],
         "height":16,
         "name":"GROUND I",
         "opacity":1,
         "properties":
            {
             "priority":"1",
             "zIndex":"1"
            },
         "propertytypes":
            {
             "priority":"string",
             "zIndex":"string"
            },
         "type":"tilelayer",
         "visible":true,
         "width":20,
         "x":0,
         "y":0
        }, 
        {
         "data":[2, 2, 2, 2, 2, 2, 2, 2, 2, 2, 2, 2, 2, 2, 2, 2, 2, 2, 2, 2, 2, 2, 2, 2, 2, 2, 2, 2, 2, 2, 2, 2, 2, 2, 2, 2, 2, 2, 2, 2, 2, 2, 2, 2, 2, 2, 2, 2, 2, 2, 2, 2, 2, 2, 2, 2, 2, 2, 2, 2, 2, 2, 2, 2, 2, 2, 2, 2, 2, 2, 2, 2, 2, 2, 2, 2, 2, 2, 2, 2, 2, 2, 2, 2, 2, 2, 2, 2, 2, 2, 2, 2, 2, 2, 6, 9, 2, 2, 2, 2, 2, 2, 2, 2, 2, 2, 2, 2, 2, 2, 2, 2, 2, 2, 70, 41, 2, 2, 2, 2, 2, 2, 2, 2, 2, 2, 2, 2, 2, 2, 2, 2, 2, 2, 102, 105, 2, 2, 2, 2, 2, 2, 2, 2, 2, 2, 2, 2, 2, 2, 2, 2, 2, 2, 2, 2, 2, 2, 2, 2, 2, 2, 2, 2, 2, 2, 2, 2, 2, 2, 2, 2, 2, 2, 2, 2, 2, 2, 2, 2, 2, 2, 2, 2, 2, 2, 2, 2, 2, 2, 2, 2, 2, 2, 2, 2, 2, 2, 2, 2, 2, 2, 2, 2, 2, 2, 2, 2, 2, 2, 2, 2, 2, 2, 2, 2, 6, 8, 7, 7, 7, 7, 9, 2, 2, 2, 2, 2, 2, 2, 2, 2, 2, 2, 6, 8, 137, 0, 0, 0, 0, 0, 136, 7, 9, 2, 2, 2, 2, 2, 2, 2, 6, 8, 137, 0, 0, 0, 0, 0, 0, 0, 0, 0, 136, 9, 2, 2, 6, 7, 7, 7, 137, 0, 0, 0, 0, 0, 0, 0, 0, 0, 0, 0, 0, 41, 2, 2, 38, 0, 0, 0, 0, 0, 0, 0, 0, 0, 0, 0, 0, 0, 0, 0, 0, 41, 2, 2, 38, 0, 0, 0, 0, 0, 0, 0, 0, 0, 0, 0],
         "height":16,
         "name":"GROUND II",
         "opacity":1,
         "properties":
            {
             "priority":"2",
             "zIndex":"1"
            },
         "propertytypes":
            {
             "priority":"string",
             "zIndex":"string"
            },
         "type":"tilelayer",
         "visible":true,
         "width":20,
         "x":0,
         "y":0
        }, 
        {
         "data":[0, 0, 0, 0, 0, 0, 0, 0, 0, 0, 0, 0, 0, 0, 0, 0, 0, 0, 0, 0, 0, 0, 0, 0, 0, 0, 0, 0, 0, 0, 0, 0, 0, 0, 0, 0, 0, 0, 0, 0, 0, 0, 0, 0, 0, 0, 0, 0, 0, 0, 0, 0, 0, 0, 0, 0, 0, 0, 0, 0, 0, 0, 0, 0, 0, 0, 0, 0, 0, 0, 0, 0, 0, 0, 0, 0, 0, 0, 0, 0, 0, 0, 0, 0, 0, 0, 37, 4, 0, 35, 0, 3, 37, 0, 0, 0, 0, 0, 0, 0, 0, 0, 0, 0, 0, 0, 5, 0, 4, 0, 4, 0, 0, 3, 0, 0, 0, 0, 0, 0, 0, 0, 0, 0, 0, 0, 0, 4, 0, 0, 0, 0, 0, 0, 0, 0, 0, 0, 0, 0, 0, 0, 0, 0, 0, 0, 0, 0, 5, 0, 0, 0, 0, 0, 0, 0, 0, 0, 0, 0, 0, 0, 0, 0, 0, 0, 3, 36, 0, 0, 0, 0, 0, 0, 0, 0, 0, 0, 0, 0, 0, 0, 0, 0, 0, 0, 0, 0, 0, 0, 0, 0, 0, 0, 0, 0, 0, 0, 0, 0, 0, 0, 0, 0, 0, 0, 35, 0, 0, 0, 0, 0, 0, 0, 0, 0, 0, 0, 0, 0, 0, 0, 0, 0, 0, 4, 0, 0, 0, 0, 0, 0, 0, 0, 0, 0, 0, 0, 0, 0, 0, 0, 0, 0, 0, 0, 37, 0, 0, 0, 0, 0, 0, 0, 0, 0, 0, 0, 0, 0, 0, 0, 0, 0, 0, 0, 0, 3, 0, 0, 0, 0, 0, 0, 0, 0, 0, 0, 0, 0, 0, 0, 0, 0, 0, 0, 36, 0, 0, 0, 0, 0, 0, 0, 0, 0, 0, 0, 0, 0, 0, 0, 0, 0, 0, 0, 0, 4, 0, 0, 0, 0, 0, 0, 0, 0, 0, 0, 0, 0],
         "height":16,
         "name":"GROUND III",
         "opacity":1,
         "properties":
            {
             "priority":"3",
             "zIndex":"1"
            },
         "propertytypes":
            {
             "priority":"string",
             "zIndex":"string"
            },
         "type":"tilelayer",
         "visible":true,
         "width":20,
         "x":0,
         "y":0
        }, 
        {
         "data":[50, 51, 50, 51, 50, 51, 50, 51, 50, 51, 50, 51, 50, 51, 50, 51, 50, 51, 50, 51, 18, 19, 18, 19, 18, 19, 18, 19, 18, 19, 18, 19, 18, 19, 18, 19, 18, 19, 18, 19, 50, 51, 50, 51, 50, 51, 50, 51, 50, 51, 50, 51, 50, 51, 50, 51, 50, 51, 50, 51, 18, 50, 18, 50, 51, 53, 52, 53, 52, 53, 52, 53, 52, 53, 52, 53, 52, 19, 18, 19, 50, 18, 50, 18, 19, 0, 0, 0, 0, 0, 0, 0, 0, 0, 0, 0, 20, 51, 50, 51, 18, 50, 18, 50, 51, 53, 0, 0, 0, 0, 0, 0, 0, 0, 0, 0, 52, 19, 18, 19, 50, 18, 50, 18, 19, 0, 0, 0, 0, 0, 20, 21, 20, 21, 20, 21, 20, 51, 50, 51, 18, 50, 18, 50, 51, 53, 0, 0, 0, 20, 51, 50, 51, 50, 51, 50, 51, 19, 51, 19, 50, 18, 50, 18, 19, 0, 0, 0, 0, 51, 50, 18, 19, 18, 19, 18, 19, 51, 19, 51, 52, 50, 51, 53, 52, 53, 0, 0, 52, 50, 18, 50, 51, 50, 51, 53, 52, 53, 52, 53, 17, 52, 53, 20, 21, 0, 0, 0, 0, 51, 50, 51, 19, 18, 53, 17, 0, 0, 0, 0, 0, 0, 0, 52, 53, 0, 0, 0, 52, 50, 51, 53, 52, 53, 0, 0, 0, 0, 0, 0, 0, 0, 0, 0, 0, 0, 0, 0, 0, 52, 53, 17, 0, 0, 0, 0, 0, 0, 0, 0, 0, 0, 0, 0, 0, 0, 0, 0, 0, 0, 0, 0, 0, 0, 0, 0, 0, 0, 0, 0, 0, 0, 0, 0, 0, 0, 0, 0, 0, 0, 0, 0, 0, 0, 0, 0, 0, 0, 0, 0, 0, 0, 0, 0, 0, 0, 0, 0, 0, 0, 0, 0, 0, 0, 0, 0, 0, 0, 0, 0],
         "height":16,
         "name":"GROUND IV",
         "opacity":1,
         "properties":
            {
             "priority":"4",
             "zIndex":"1"
            },
         "propertytypes":
            {
             "priority":"string",
             "zIndex":"string"
            },
         "type":"tilelayer",
         "visible":true,
         "width":20,
         "x":0,
         "y":0
        }, 
        {
         "data":[0, 0, 0, 0, 0, 0, 0, 0, 0, 0, 0, 0, 0, 0, 0, 0, 0, 0, 0, 0, 0, 0, 0, 0, 0, 0, 0, 0, 0, 0, 0, 0, 0, 0, 0, 0, 0, 0, 0, 0, 0, 0, 0, 0, 0, 0, 0, 0, 0, 0, 0, 0, 0, 0, 0, 0, 0, 0, 0, 0, 0, 0, 0, 0, 0, 0, 0, 0, 0, 0, 0, 0, 0, 0, 0, 0, 0, 0, 0, 0, 0, 0, 0, 0, 0, 21, 0, 0, 0, 0, 0, 0, 0, 0, 0, 0, 0, 0, 0, 0, 0, 0, 0, 0, 0, 0, 0, 0, 0, 0, 0, 0, 0, 0, 0, 0, 0, 0, 0, 0, 0, 0, 0, 0, 0, 21, 0, 0, 0, 0, 0, 0, 0, 0, 0, 0, 0, 0, 0, 0, 0, 0, 0, 0, 0, 0, 0, 0, 0, 0, 0, 0, 0, 0, 0, 0, 0, 0, 0, 0, 0, 0, 0, 0, 0, 21, 0, 0, 20, 0, 0, 0, 0, 0, 0, 0, 0, 0, 0, 0, 0, 0, 0, 0, 0, 0, 0, 0, 0, 0, 0, 0, 0, 0, 0, 0, 0, 0, 0, 0, 0, 0, 0, 0, 0, 0, 0, 0, 20, 0, 0, 0, 0, 0, 0, 0, 0, 0, 0, 0, 0, 0, 0, 0, 0, 0, 0, 0, 0, 0, 0, 0, 0, 0, 0, 0, 0, 0, 0, 0, 0, 0, 0, 0, 0, 0, 0, 0, 0, 0, 0, 0, 0, 0, 0, 0, 0, 0, 0, 0, 0, 0, 0, 0, 0, 0, 0, 0, 0, 0, 0, 0, 0, 0, 0, 0, 0, 0, 0, 0, 0, 0, 0, 0, 0, 0, 0, 0, 0, 0, 0, 0, 0, 0, 0, 0, 0, 0, 0, 0, 0, 0, 0, 0, 0, 0, 0, 0, 0, 0, 0, 0, 0, 0, 0, 0, 0, 0, 0, 0],
         "height":16,
         "name":"ABOVE ALL I",
         "opacity":1,
         "properties":
            {
             "priority":"1",
             "zIndex":"5"
            },
         "propertytypes":
            {
             "priority":"string",
             "zIndex":"string"
            },
         "type":"tilelayer",
         "visible":true,
         "width":20,
         "x":0,
         "y":0
        }, 
        {
         "data":[2049, 2049, 2049, 2049, 2049, 2049, 2049, 2049, 2049, 2049, 2049, 2049, 2049, 2049, 2049, 2049, 2049, 2049, 2049, 2049, 2049, 2049, 2049, 2049, 2049, 2049, 2049, 2049, 2049, 2049, 2049, 2049, 2049, 2049, 2049, 2049, 2049, 2049, 2049, 2049, 2049, 2049, 2049, 2049, 2049, 2049, 2049, 2049, 2049, 2049, 2049, 2049, 2049, 2049, 2049, 2049, 2049, 2049, 2049, 2049, 2049, 2049, 2049, 2049, 2049, 2049, 2049, 2049, 2049, 2049, 2049, 2049, 2049, 2049, 2049, 2049, 2049, 2049, 2049, 2049, 2049, 2049, 2049, 2049, 2049, 0, 0, 0, 0, 0, 0, 0, 0, 0, 0, 0, 2049, 2049, 2049, 2049, 2049, 2049, 2049, 2049, 2049, 2049, 0, 0, 0, 0, 0, 0, 0, 0, 0, 0, 2049, 2049, 2049, 2049, 2049, 2049, 2049, 2049, 2049, 0, 0, 0, 0, 0, 2049, 2049, 2049, 2049, 2049, 2049, 2049, 2049, 2049, 2049, 2049, 2049, 2049, 2049, 2049, 2049, 0, 0, 0, 2049, 2049, 2049, 2049, 2049, 2049, 2049, 2049, 2049, 2049, 2049, 2049, 2049, 2049, 2049, 2049, 0, 0, 0, 0, 2049, 2049, 2049, 2049, 2049, 2049, 2049, 2049, 2049, 2049, 2049, 2049, 2049, 2049, 2049, 2049, 2049, 0, 0, 2049, 2049, 2049, 2049, 2049, 2049, 2049, 2049, 2049, 2049, 2049, 2049, 2049, 2049, 2049, 2049, 2049, 0, 0, 0, 0, 2049, 2049, 2049, 2049, 2049, 2049, 2049, 2049, 2049, 2049, 2049, 2049, 2049, 2049, 2049, 2049, 0, 0, 0, 2049, 2049, 2049, 2049, 2049, 2049, 2049, 2049, 2049, 2049, 2049, 2049, 2049, 2049, 2049, 2049, 2049, 0, 0, 0, 0, 2049, 2049, 2049, 2049, 2049, 2049, 2049, 2049, 2049, 2049, 2049, 2049, 2049, 2049, 2049, 2049, 2049, 0, 0, 2049, 2049, 2049, 2049, 2049, 2049, 2049, 2049, 2049, 2049, 2049, 2049, 2049, 2049, 2049, 2049, 2049, 2049, 0, 0, 2049, 2049, 2049, 2049, 2049, 2049, 2049, 2049, 2049, 2049, 2049, 2049, 2049, 2049, 2049, 2049, 2049, 2049, 0, 0, 2049, 2049, 2049, 2049, 2049, 2049, 2049, 2049, 2049, 2049, 2049, 2049],
         "height":16,
         "name":"COLLISIONS",
         "opacity":0.400000005960464,
         "properties":
            {
             "collision":"tile-base"
            },
         "propertytypes":
            {
             "collision":"string"
            },
         "type":"tilelayer",
         "visible":true,
         "width":20,
         "x":0,
         "y":0
        }],
 "nextobjectid":1,
 "orientation":"orthogonal",
 "renderorder":"right-down",
 "tiledversion":"1.0.3",
 "tileheight":32,
 "tilesets":[
        {
         "firstgid":1,
         "source":"DW_VastForest.json"
        }, 
        {
         "firstgid":1025,
         "source":"DW_INTERIOR.json"
        }, 
        {
         "firstgid":2049,
         "source":"Tile_Collisions_32x32.json"
        }],
 "tilewidth":32,
 "type":"map",
 "version":1,
 "width":20
}