{ "height":16,
 "layers":[
        {
         "data":[39, 39, 39, 39, 39, 39, 39, 0, 0, 39, 39, 39, 39, 39, 39, 39, 39, 39, 39, 39, 39, 39, 39, 0, 0, 39, 39, 39, 39, 39, 39, 39, 39, 39, 39, 39, 39, 39, 39, 0, 0, 39, 39, 39, 39, 39, 39, 39, 39, 39, 39, 39, 0, 0, 0, 0, 0, 0, 0, 0, 39, 39, 39, 39, 39, 39, 39, 0, 0, 0, 0, 0, 0, 0, 0, 0, 0, 39, 39, 39, 39, 39, 39, 0, 0, 0, 0, 0, 0, 0, 0, 0, 0, 39, 39, 39, 39, 39, 39, 0, 0, 0, 0, 0, 0, 0, 0, 0, 0, 39, 39, 39, 39, 39, 39, 0, 0, 0, 0, 0, 0, 0, 0, 0, 0, 39, 39, 39, 39, 39, 39, 0, 0, 0, 0, 0, 0, 0, 0, 0, 0, 39, 39, 39, 39, 39, 39, 39, 0, 0, 0, 0, 0, 0, 0, 0, 39, 39, 39, 39, 39, 39, 39, 39, 39, 0, 0, 0, 0, 0, 0, 39, 39, 39, 39, 39, 39, 39, 39, 39, 39, 39, 39, 39, 39, 39, 39, 39, 39, 39, 39, 39, 39, 39, 39, 39, 39, 39, 39, 39, 39, 39, 39, 39, 39, 39, 39, 39, 39, 39, 39, 39, 39, 39, 39, 39, 39, 39, 39, 39, 39, 39, 39, 39, 39, 39, 39, 39, 39, 39, 39, 39, 39, 39, 39, 39, 39, 39, 39, 39, 39, 39, 39, 39, 39, 39, 39, 39, 39, 39, 39, 39, 39, 39, 39, 39],
         "height":16,
         "name":"Tile Layer 1",
         "opacity":1,
         "type":"tilelayer",
         "visible":true,
         "width":16,
         "x":0,
         "y":0
        }, 
        {
         "data":[0, 0, 0, 0, 0, 0, 41, 2, 2, 38, 0, 0, 0, 0, 0, 0, 0, 0, 0, 0, 0, 0, 41, 2, 2, 38, 0, 0, 0, 0, 0, 0, 0, 0, 0, 168, 103, 103, 105, 2, 2, 102, 103, 103, 201, 0, 0, 0, 0, 0, 168, 105, 2, 2, 2, 2, 2, 2, 2, 2, 102, 201, 0, 0, 0, 0, 41, 2, 2, 2, 2, 2, 2, 2, 2, 2, 2, 38, 0, 0, 0, 0, 41, 2, 2, 2, 2, 2, 2, 2, 2, 2, 2, 38, 0, 0, 0, 0, 41, 2, 2, 2, 2, 2, 2, 2, 2, 2, 2, 38, 0, 0, 0, 0, 41, 2, 2, 2, 2, 2, 2, 2, 2, 2, 2, 38, 0, 0, 0, 0, 41, 2, 2, 2, 2, 2, 2, 2, 2, 2, 2, 38, 0, 0, 0, 0, 136, 9, 2, 2, 2, 2, 2, 2, 2, 2, 6, 137, 0, 0, 0, 0, 0, 136, 9, 2, 2, 2, 2, 2, 2, 6, 137, 0, 0, 0, 0, 0, 0, 0, 136, 7, 7, 7, 7, 7, 7, 137, 0, 0, 0, 0, 0, 0, 0, 0, 0, 0, 0, 0, 0, 0, 0, 0, 0, 0, 0, 0, 0, 0, 0, 0, 0, 0, 0, 0, 0, 0, 0, 0, 0, 0, 0, 0, 0, 0, 0, 0, 0, 0, 0, 0, 0, 0, 0, 0, 0, 0, 0, 0, 0, 0, 0, 0, 0, 0, 0, 0, 0, 0, 0, 0, 0, 0, 0, 0],
         "height":16,
         "name":"ground",
         "opacity":1,
         "type":"tilelayer",
         "visible":true,
         "width":16,
         "x":0,
         "y":0
        }, 
        {
         "data":[0, 0, 0, 0, 0, 0, 0, 3, 0, 0, 0, 0, 0, 0, 0, 0, 0, 0, 0, 0, 0, 0, 0, 0, 3, 0, 0, 0, 0, 0, 0, 0, 0, 0, 0, 0, 0, 0, 0, 0, 0, 3, 0, 0, 0, 0, 0, 0, 0, 0, 0, 0, 0, 0, 0, 36, 0, 0, 34, 0, 0, 0, 0, 0, 0, 0, 0, 4, 0, 35, 0, 0, 3, 0, 0, 0, 4, 0, 0, 0, 0, 0, 0, 0, 0, 3, 0, 0, 0, 0, 35, 0, 4, 0, 0, 0, 0, 0, 0, 0, 4, 0, 165, 0, 0, 0, 165, 0, 0, 0, 0, 0, 0, 0, 0, 0, 165, 3, 0, 0, 66, 0, 0, 4, 0, 0, 0, 0, 0, 0, 0, 0, 4, 0, 0, 5, 0, 3, 165, 0, 0, 0, 0, 0, 0, 0, 0, 0, 0, 65, 0, 0, 5, 0, 36, 0, 0, 0, 0, 0, 0, 0, 0, 0, 0, 0, 0, 0, 0, 0, 0, 0, 0, 0, 0, 0, 0, 0, 0, 0, 0, 0, 0, 0, 0, 0, 0, 0, 0, 0, 0, 0, 0, 0, 0, 0, 0, 0, 0, 0, 0, 0, 0, 0, 0, 0, 0, 0, 0, 0, 0, 0, 0, 0, 0, 0, 0, 0, 0, 0, 0, 0, 0, 0, 0, 0, 0, 0, 0, 0, 0, 0, 0, 0, 0, 0, 0, 0, 0, 0, 0, 0, 0, 0, 0, 0, 0, 0, 0, 0, 0, 0, 0, 0, 0, 0],
         "height":16,
         "name":"grass and flowers",
         "opacity":1,
         "type":"tilelayer",
         "visible":true,
         "width":16,
         "x":0,
         "y":0
        }, 
        {
         "data":[0, 0, 0, 0, 0, 0, 0, 0, 0, 0, 0, 0, 0, 0, 0, 0, 0, 0, 0, 0, 0, 0, 0, 0, 0, 0, 0, 0, 0, 0, 0, 0, 0, 0, 0, 0, 0, 0, 0, 0, 0, 0, 0, 0, 0, 0, 0, 0, 0, 0, 0, 0, 0, 0, 0, 0, 0, 0, 0, 0, 0, 0, 0, 0, 0, 0, 0, 0, 0, 0, 0, 0, 0, 0, 0, 0, 0, 0, 0, 0, 0, 0, 0, 0, 0, 0, 0, 1031, 1032, 0, 0, 0, 0, 0, 0, 0, 0, 0, 0, 0, 0, 0, 0, 0, 0, 0, 0, 0, 0, 0, 0, 0, 0, 0, 0, 0, 0, 0, 0, 0, 0, 0, 0, 0, 0, 0, 0, 0, 0, 0, 0, 0, 0, 0, 0, 0, 0, 0, 0, 0, 0, 0, 0, 0, 0, 0, 0, 0, 0, 0, 0, 0, 0, 0, 0, 0, 0, 0, 0, 0, 0, 0, 0, 0, 0, 0, 0, 0, 0, 0, 0, 0, 0, 0, 0, 0, 0, 0, 0, 0, 0, 0, 0, 0, 0, 0, 0, 0, 0, 0, 0, 0, 0, 0, 0, 0, 0, 0, 0, 0, 0, 0, 0, 0, 0, 0, 0, 0, 0, 0, 0, 0, 0, 0, 0, 0, 0, 0, 0, 0, 0, 0, 0, 0, 0, 0, 0, 0, 0, 0, 0, 0, 0, 0, 0, 0, 0, 0, 0, 0, 0, 0, 0, 0, 0, 0, 0, 0, 0, 0, 0, 0, 0, 0, 0, 0],
         "height":16,
         "name":"deco",
         "opacity":1,
         "type":"tilelayer",
         "visible":true,
         "width":16,
         "x":0,
         "y":0
        }, 
        {
         "data":[0, 0, 0, 0, 0, 0, 2049, 0, 0, 2049, 0, 0, 0, 0, 0, 0, 0, 0, 0, 0, 0, 0, 2049, 0, 0, 2049, 0, 0, 0, 0, 0, 0, 0, 0, 0, 2049, 2049, 2049, 2049, 0, 0, 2049, 2049, 2049, 2049, 0, 0, 0, 0, 0, 2049, 0, 0, 0, 0, 0, 0, 0, 0, 0, 0, 2049, 0, 0, 0, 0, 2049, 0, 0, 0, 0, 0, 0, 0, 0, 0, 0, 2049, 0, 0, 0, 0, 2049, 0, 0, 0, 0, 2061, 2061, 0, 0, 0, 0, 2049, 0, 0, 0, 0, 2049, 0, 0, 0, 0, 0, 0, 0, 0, 0, 0, 2049, 0, 0, 0, 0, 2049, 0, 0, 0, 0, 0, 0, 0, 0, 0, 0, 2049, 0, 0, 0, 0, 2049, 0, 0, 0, 0, 0, 0, 0, 0, 0, 0, 2049, 0, 0, 0, 0, 2049, 2049, 0, 0, 0, 0, 0, 0, 0, 0, 2049, 2049, 0, 0, 0, 0, 0, 2049, 2049, 0, 0, 0, 0, 0, 0, 2049, 2049, 0, 0, 0, 0, 0, 0, 0, 2049, 2049, 2049, 2049, 2049, 2049, 2049, 2049, 0, 0, 0, 0, 0, 0, 0, 0, 0, 0, 0, 0, 0, 0, 0, 0, 0, 0, 0, 0, 0, 0, 0, 0, 0, 0, 0, 0, 0, 0, 0, 0, 0, 0, 0, 0, 0, 0, 0, 0, 0, 0, 0, 0, 0, 0, 0, 0, 0, 0, 0, 0, 0, 0, 0, 0, 0, 0, 0, 0, 0, 0, 0, 0, 0, 0, 0, 0],
         "height":16,
         "name":"collisions",
         "opacity":1,
         "properties":
            {
             "collision":"tile-base"
            },
         "propertytypes":
            {
             "collision":"string"
            },
         "type":"tilelayer",
         "visible":true,
         "width":16,
         "x":0,
         "y":0
        }],
 "nextobjectid":1,
 "orientation":"orthogonal",
 "renderorder":"right-down",
 "tiledversion":"1.0.3",
 "tileheight":32,
 "tilesets":[
        {
         "firstgid":1,
         "source":"DW_VastForest.json"
        }, 
        {
         "firstgid":1025,
         "source":"general_use.json"
        }, 
        {
         "firstgid":2049,
         "source":"Tile_Collisions_32x32.json"
        }],
 "tilewidth":32,
 "type":"map",
 "version":1,
 "width":16
}