{ "height":20,
 "layers":[
        {
         "data":[0, 0, 0, 0, 0, 0, 0, 0, 0, 0, 0, 0, 0, 0, 0, 0, 0, 0, 0, 0, 0, 0, 0, 0, 0, 0, 0, 0, 0, 0, 0, 0, 0, 0, 0, 0, 0, 0, 0, 0, 0, 0, 0, 0, 1051, 1052, 1052, 1052, 1052, 1052, 1052, 1052, 1052, 1052, 1052, 1053, 0, 0, 0, 0, 0, 0, 0, 0, 1083, 1084, 1084, 1084, 1084, 1084, 1084, 1084, 1084, 1084, 1084, 1085, 0, 0, 0, 0, 0, 0, 0, 0, 1083, 1084, 1084, 1084, 1084, 1084, 1084, 1084, 1084, 1084, 1084, 1085, 0, 0, 0, 0, 0, 0, 0, 0, 1083, 1084, 1084, 1084, 1084, 1084, 1084, 1084, 1084, 1084, 1084, 1085, 0, 0, 0, 0, 0, 0, 0, 0, 1083, 1084, 1084, 1084, 1084, 1084, 1084, 1084, 1084, 1084, 1084, 1085, 0, 0, 0, 0, 0, 0, 0, 0, 1083, 1084, 1084, 1084, 1084, 1084, 1084, 1084, 1084, 1084, 1084, 1085, 0, 0, 0, 0, 0, 0, 0, 0, 1083, 1084, 1084, 1084, 1084, 1084, 1084, 1084, 1084, 1084, 1084, 1085, 0, 0, 0, 0, 0, 0, 0, 0, 1083, 1084, 1084, 1084, 1084, 1084, 1084, 1084, 1084, 1084, 1084, 1085, 0, 0, 0, 0, 0, 0, 0, 0, 1083, 1084, 1084, 1084, 1084, 1084, 1084, 1084, 1084, 1084, 1084, 1085, 0, 0, 0, 0, 0, 0, 0, 0, 1083, 1084, 1084, 1084, 1084, 1084, 1084, 1084, 1084, 1084, 1084, 1085, 0, 0, 0, 0, 0, 0, 0, 0, 1083, 1084, 1084, 1084, 1084, 1084, 1084, 1084, 1084, 1084, 1084, 1085, 0, 0, 0, 0, 0, 0, 0, 0, 1083, 1084, 1084, 1084, 1084, 1084, 1084, 1084, 1084, 1084, 1084, 1085, 0, 0, 0, 0, 0, 0, 0, 0, 1115, 1116, 1116, 1116, 1214, 1084, 1084, 1215, 1116, 1116, 1116, 1117, 0, 0, 0, 0, 0, 0, 0, 0, 0, 0, 0, 0, 1083, 1084, 1084, 1085, 0, 0, 0, 0, 0, 0, 0, 0, 0, 0, 0, 0, 0, 0, 0, 0, 1083, 1084, 1084, 1085, 0, 0, 0, 0, 0, 0, 0, 0, 0, 0, 0, 0, 0, 0, 0, 0, 1083, 1084, 1084, 1085, 0, 0, 0, 0, 0, 0, 0, 0, 0, 0, 0, 0, 0, 0, 0, 0, 1083, 1084, 1084, 1085, 0, 0, 0, 0, 0, 0, 0, 0, 0, 0, 0, 0, 0, 0, 0, 0, 1083, 1084, 1084, 1085, 0, 0, 0, 0, 0, 0, 0, 0],
         "height":20,
         "name":"Capa de Patrones 1",
         "opacity":1,
         "type":"tilelayer",
         "visible":true,
         "width":20,
         "x":0,
         "y":0
        }, 
        {
         "data":[0, 0, 0, 0, 0, 0, 0, 0, 0, 0, 0, 0, 0, 0, 0, 0, 0, 0, 0, 0, 0, 0, 0, 0, 0, 0, 0, 0, 0, 0, 0, 0, 0, 0, 0, 0, 0, 0, 0, 0, 0, 0, 0, 0, 0, 0, 0, 0, 0, 0, 0, 0, 0, 0, 0, 0, 0, 0, 0, 0, 0, 0, 0, 0, 0, 0, 0, 0, 0, 158, 159, 160, 0, 0, 0, 0, 0, 0, 0, 0, 0, 0, 0, 0, 0, 0, 0, 0, 0, 190, 191, 192, 0, 0, 0, 0, 0, 0, 0, 0, 0, 0, 0, 0, 0, 0, 0, 0, 0, 0, 0, 0, 0, 0, 0, 0, 0, 0, 0, 0, 0, 0, 0, 0, 0, 0, 0, 0, 0, 0, 0, 0, 0, 0, 0, 0, 0, 0, 0, 0, 0, 0, 0, 0, 0, 0, 0, 0, 0, 0, 0, 0, 0, 0, 0, 0, 0, 0, 0, 0, 0, 0, 0, 0, 0, 0, 0, 0, 0, 0, 0, 0, 0, 0, 0, 0, 0, 0, 0, 0, 0, 0, 0, 0, 0, 0, 0, 0, 0, 0, 0, 0, 0, 0, 0, 0, 0, 0, 0, 0, 0, 0, 0, 0, 0, 0, 0, 0, 0, 0, 0, 0, 0, 0, 0, 0, 0, 0, 0, 0, 0, 0, 0, 0, 0, 0, 0, 0, 0, 0, 0, 0, 0, 0, 0, 0, 0, 0, 0, 0, 0, 0, 0, 0, 0, 0, 0, 0, 0, 0, 0, 0, 0, 0, 0, 0, 0, 0, 0, 0, 0, 0, 0, 0, 0, 0, 0, 0, 0, 0, 0, 0, 0, 0, 0, 0, 0, 0, 0, 0, 0, 0, 0, 0, 0, 0, 0, 0, 0, 0, 0, 0, 0, 0, 0, 0, 0, 0, 0, 0, 0, 0, 0, 0, 0, 0, 0, 0, 0, 0, 0, 0, 0, 0, 0, 0, 0, 0, 0, 0, 0, 0, 0, 0, 0, 0, 0, 0, 0, 0, 0, 0, 0, 0, 0, 0, 0, 0, 0, 0, 0, 0, 0, 0, 0, 0, 0, 0, 0, 0, 0, 0, 0, 0, 0, 0, 0, 0, 0, 0, 0, 0, 0, 0, 0, 0, 0, 0, 0, 0, 0, 0, 0, 0, 0, 0, 0, 0, 0, 0, 0, 0, 0, 0, 0, 0, 0, 0, 0, 0, 0, 0, 0, 0, 0, 0, 0, 0, 0, 0],
         "height":20,
         "name":"pinos",
         "opacity":1,
         "type":"tilelayer",
         "visible":true,
         "width":20,
         "x":0,
         "y":0
        }, 
        {
         "data":[0, 0, 0, 0, 0, 0, 0, 0, 0, 0, 0, 0, 0, 0, 0, 0, 0, 0, 0, 0, 0, 0, 0, 1025, 1025, 1025, 1025, 1025, 1025, 1025, 1025, 1025, 1025, 1025, 1025, 1025, 1025, 0, 0, 0, 0, 0, 0, 1025, 0, 0, 0, 0, 0, 0, 0, 0, 0, 0, 0, 0, 1025, 0, 0, 0, 0, 0, 0, 1025, 0, 0, 0, 0, 0, 0, 0, 0, 0, 0, 0, 0, 1025, 0, 0, 0, 0, 0, 0, 1025, 0, 0, 0, 0, 0, 0, 0, 0, 0, 0, 0, 0, 1025, 0, 0, 0, 0, 0, 0, 1025, 0, 0, 0, 0, 0, 0, 0, 0, 0, 0, 0, 0, 1025, 0, 0, 0, 0, 0, 0, 1025, 0, 0, 0, 0, 0, 0, 0, 0, 0, 0, 0, 0, 1025, 0, 0, 0, 0, 0, 0, 1025, 0, 0, 0, 0, 0, 0, 0, 0, 0, 0, 0, 0, 1025, 0, 0, 0, 0, 0, 0, 1025, 0, 0, 0, 0, 0, 0, 0, 0, 0, 0, 0, 0, 1025, 0, 0, 0, 0, 0, 0, 1025, 0, 0, 0, 0, 0, 0, 0, 0, 0, 0, 0, 0, 1025, 0, 0, 0, 0, 0, 0, 1025, 0, 0, 0, 0, 0, 0, 0, 0, 0, 0, 0, 0, 1025, 0, 0, 0, 0, 0, 0, 1025, 0, 0, 0, 0, 0, 0, 0, 0, 0, 0, 0, 0, 1025, 0, 0, 0, 0, 0, 0, 1025, 0, 0, 0, 0, 0, 0, 0, 0, 0, 0, 0, 0, 1025, 0, 0, 0, 0, 0, 0, 1025, 0, 0, 0, 0, 0, 0, 0, 0, 0, 0, 0, 0, 1025, 0, 0, 0, 0, 0, 0, 1025, 0, 0, 0, 0, 0, 0, 0, 0, 0, 0, 0, 0, 1025, 0, 0, 0, 0, 0, 0, 1025, 1025, 1025, 1025, 1025, 0, 0, 0, 0, 1025, 1025, 1025, 1025, 1025, 0, 0, 0, 0, 0, 0, 0, 0, 0, 0, 1025, 0, 0, 0, 0, 1025, 0, 0, 0, 0, 0, 0, 0, 0, 0, 0, 0, 0, 0, 0, 1025, 0, 0, 0, 0, 1025, 0, 0, 0, 0, 0, 0, 0, 0, 0, 0, 0, 0, 0, 0, 1025, 0, 0, 0, 0, 1025, 0, 0, 0, 0, 0, 0, 0, 0, 0, 0, 0, 0, 0, 0, 1025, 0, 0, 0, 0, 1025, 0, 0, 0, 0, 0, 0, 0],
         "height":20,
         "name":"colisions",
         "opacity":1,
         "properties":
            {
             "collision":"tile-base"
            },
         "propertytypes":
            {
             "collision":"string"
            },
         "type":"tilelayer",
         "visible":true,
         "width":20,
         "x":0,
         "y":0
        }],
 "nextobjectid":1,
 "orientation":"orthogonal",
 "properties":
    {
     "collision":"tile-base"
    },
 "propertytypes":
    {
     "collision":"string"
    },
 "renderorder":"right-down",
 "tiledversion":"1.0.3",
 "tileheight":32,
 "tilesets":[
        {
         "columns":32,
         "firstgid":1,
         "image":"..\/img\/tilesets\/lol.png",
         "imageheight":1024,
         "imagewidth":1024,
         "margin":0,
         "name":"lol",
         "spacing":0,
         "tilecount":1024,
         "tileheight":32,
         "tilewidth":32
        }, 
        {
         "firstgid":1025,
         "source":"Tile_Collisions_32x32.json"
        }, 
        {
         "firstgid":1049,
         "source":"K_Glutt_Tile.json"
        }],
 "tilewidth":32,
 "type":"map",
 "version":1,
 "width":20
}