{ "height":30,
 "layers":[
        {
         "data":[2, 2, 2, 2, 2, 2, 2, 2, 2, 2, 2, 2, 2, 2, 2, 2, 2, 2, 2, 2, 2, 2, 2, 2, 2, 2, 2, 2, 2, 2, 2, 2, 2, 2, 2, 2, 2, 2, 2, 2, 2, 2, 2, 2, 2, 2, 2, 2, 2, 2, 2, 2, 2, 2, 2, 2, 2, 2, 2, 2, 2, 2, 2, 2, 2, 2, 2, 2, 2, 2, 2, 2, 2, 2, 2, 2, 2, 2, 2, 2, 2, 2, 2, 2, 2, 2, 2, 2, 2, 2, 2, 2, 2, 2, 2, 2, 2, 2, 2, 2, 2, 2, 2, 2, 2, 2, 2, 2, 2, 2, 2, 2, 2, 2, 2, 2, 2, 2, 2, 2, 2, 2, 2, 2, 2, 2, 2, 2, 2, 2, 2, 2, 2, 2, 2, 2, 2, 2, 2, 2, 2, 2, 2, 2, 2, 2, 2, 2, 2, 2, 2, 2, 2, 2, 2, 2, 2, 2, 2, 2, 2, 2, 2, 2, 2, 2, 2, 2, 2, 2, 2, 2, 2, 2, 2, 2, 2, 2, 2, 2, 2, 2, 2, 2, 2, 2, 2, 2, 2, 2, 2, 2, 2, 2, 2, 2, 2, 2, 2, 2, 2, 2, 2, 2, 2, 2, 2, 2, 2, 2, 2, 2, 2, 2, 2, 2, 2, 2, 2, 2, 2, 2, 2, 2, 2, 2, 2, 2, 2, 2, 2, 2, 2, 2, 2, 2, 2, 2, 2, 2, 2, 2, 2, 2, 2, 2, 2, 2, 2, 2, 2, 2, 2, 2, 2, 2, 2, 2, 2, 2, 2, 2, 2, 2, 2, 2, 2, 2, 2, 2, 2, 2, 2, 2, 2, 2, 2, 2, 2, 2, 2, 2, 2, 2, 2, 2, 2, 2, 2, 2, 2, 2, 2, 2, 2, 2, 2, 2, 2, 2, 2, 2, 2, 2, 2, 2, 2, 2, 2, 2, 2, 2, 2, 2, 2, 2, 2, 2, 2, 2, 2, 2, 2, 2, 2, 2, 2, 2, 2, 2, 2, 2, 2, 2, 2, 2, 2, 2, 2, 2, 2, 2, 2, 2, 2, 2, 2, 2, 2, 2, 2, 2, 2, 2, 2, 2, 2, 2, 2, 2, 2, 2, 2, 2, 2, 2, 2, 2, 2, 2, 2, 2, 2, 2, 2, 2, 2, 2, 2, 2, 2, 2, 2, 2, 2, 2, 2, 2, 2, 2, 2, 2, 2, 2, 2, 2, 2, 2, 2, 2, 2, 2, 2, 2, 2, 2, 2, 2, 2, 2, 2, 2, 2, 2, 2, 2, 2, 2, 2, 2, 2, 2, 2, 2, 2, 2, 2, 2, 2, 2, 2, 2, 2, 2, 2, 2, 2, 2, 2, 2, 2, 2, 2, 2, 2, 2, 2, 2, 2, 2, 2, 2, 2, 2, 2, 2, 2, 2, 2, 2, 2, 2, 2, 2, 2, 2, 2, 2, 2, 2, 2, 2, 2, 2, 2, 2, 2, 2, 2, 2, 2, 2, 2, 2, 2, 2, 2, 2, 2, 2, 2, 2, 2, 2, 2, 2, 2, 2, 2, 2, 2, 2, 2, 2, 2, 2, 2, 2, 2, 2],
         "height":30,
         "name":"Tile Layer 1",
         "opacity":1,
         "properties":
            {
             "priority":"1",
             "zIndex":"1"
            },
         "propertytypes":
            {
             "priority":"string",
             "zIndex":"string"
            },
         "type":"tilelayer",
         "visible":true,
         "width":17,
         "x":0,
         "y":0
        }, 
        {
         "data":[2, 35, 33, 2, 35, 2, 35, 66, 5, 2, 2, 33, 34, 66, 34, 66, 65, 3, 34, 66, 36, 5, 34, 37, 37, 66, 67, 66, 2, 35, 66, 65, 66, 36, 36, 4, 66, 3, 33, 5, 34, 2, 67, 5, 67, 33, 2, 66, 35, 33, 33, 65, 3, 5, 37, 65, 33, 35, 65, 2, 36, 3, 36, 65, 34, 65, 5, 2, 37, 66, 5, 66, 66, 3, 4, 65, 36, 3, 2, 33, 5, 67, 3, 35, 66, 66, 4, 37, 66, 65, 35, 2, 5, 33, 33, 33, 35, 34, 3, 37, 36, 66, 67, 37, 65, 37, 5, 35, 36, 36, 67, 35, 67, 67, 36, 4, 34, 3, 2, 66, 5, 33, 66, 33, 3, 4, 36, 2, 34, 3, 3, 33, 65, 66, 4, 35, 3, 3, 35, 4, 4, 67, 3, 37, 4, 67, 36, 37, 66, 5, 3, 33, 2, 37, 66, 36, 2, 36, 33, 4, 5, 34, 67, 34, 65, 34, 4, 67, 36, 33, 2, 5, 66, 33, 35, 67, 66, 34, 67, 3, 2, 37, 33, 67, 67, 34, 3, 37, 36, 3, 65, 67, 36, 4, 65, 33, 34, 36, 66, 65, 3, 5, 67, 4, 66, 36, 3, 35, 3, 2, 35, 4, 33, 37, 37, 36, 37, 35, 67, 36, 3, 67, 35, 65, 4, 4, 66, 5, 36, 37, 65, 34, 3, 36, 65, 33, 33, 37, 65, 37, 37, 3, 33, 65, 33, 67, 33, 34, 65, 67, 5, 5, 5, 65, 3, 3, 37, 2, 5, 34, 33, 36, 2, 66, 5, 33, 67, 2, 2, 4, 33, 37, 3, 5, 65, 66, 66, 66, 3, 4, 37, 37, 33, 65, 4, 35, 67, 37, 2, 67, 66, 3, 36, 3, 34, 4, 2, 65, 37, 3, 34, 34, 37, 34, 36, 2, 36, 35, 67, 33, 34, 37, 65, 37, 34, 34, 66, 34, 66, 2, 34, 5, 3, 4, 33, 37, 65, 36, 2, 33, 65, 67, 33, 35, 67, 66, 67, 65, 36, 65, 66, 5, 3, 67, 36, 34, 2, 67, 5, 3, 34, 65, 4, 67, 36, 65, 36, 5, 36, 37, 37, 66, 35, 36, 3, 35, 34, 34, 5, 66, 3, 33, 34, 36, 37, 65, 3, 34, 34, 33, 5, 66, 5, 33, 34, 34, 4, 66, 35, 35, 67, 36, 4, 4, 34, 5, 36, 65, 5, 66, 4, 5, 33, 5, 33, 66, 34, 35, 4, 34, 2, 65, 36, 67, 37, 34, 37, 67, 33, 36, 5, 34, 37, 65, 36, 35, 3, 35, 2, 65, 33, 34, 65, 67, 35, 65, 35, 5, 34, 67, 2, 36, 65, 65, 2, 33, 65, 65, 2, 5, 36, 4, 5, 35, 33, 35, 35, 37, 34, 5, 66, 33, 67, 36, 67, 33, 33, 4, 37, 33, 34, 4, 4, 5, 37, 3, 34, 35, 4, 65, 2, 66, 67, 33, 66, 35, 35, 65, 4, 2, 67, 3, 66, 33, 36, 2, 66, 4, 2, 65, 33, 33, 33, 2, 33, 66, 5, 65, 66, 37],
         "height":30,
         "name":"Tile Layer 2",
         "opacity":1,
         "properties":
            {
             "priority":"2",
             "zIndex":"1"
            },
         "propertytypes":
            {
             "priority":"string",
             "zIndex":"string"
            },
         "type":"tilelayer",
         "visible":true,
         "width":17,
         "x":0,
         "y":0
        }],
 "nextobjectid":1,
 "orientation":"orthogonal",
 "renderorder":"right-down",
 "tiledversion":"1.0.3",
 "tileheight":32,
 "tilesets":[
        {
         "firstgid":1,
         "source":"DW_VastForest.json"
        }],
 "tilewidth":32,
 "type":"map",
 "version":1,
 "width":17
}