{ "height":12,
 "layers":[
        {
         "data":[0, 0, 0, 0, 0, 0, 0, 0, 0, 0, 0, 0, 0, 0, 0, 0, 0, 0, 0, 0, 0, 0, 0, 0, 0, 0, 0, 0, 0, 0, 0, 0, 0, 0, 0, 0, 0, 0, 0, 0, 0, 0, 0, 0, 0, 0, 0, 0, 0, 0, 0, 0, 0, 0, 0, 0, 0, 0, 0, 0, 0, 0, 0, 0, 0, 0, 0, 0, 0, 0, 0, 0, 1052, 1052, 1052, 1052, 1052, 1052, 1052, 1052, 1052, 1052, 1052, 1052, 1052, 1052, 1052, 1052, 1052, 1052, 1052, 1052, 1052, 1052, 1052, 1052, 1084, 1084, 1084, 1084, 1084, 1084, 1084, 1084, 1084, 1084, 1084, 1084, 1084, 1084, 1084, 1084, 1084, 1084, 1084, 1084, 1084, 1084, 1084, 1084, 1084, 1084, 1084, 1084, 1084, 1084, 1084, 1084, 1084, 1084, 1084, 1084, 1084, 1084, 1084, 1084, 1084, 1084, 1084, 1054, 1116, 1116, 1116, 1116, 1116, 1116, 1116, 1116, 1116, 1116, 1116, 1116, 1116, 1116, 1214, 1084, 1084, 1215, 1116, 1116, 1116, 1116, 1116, 1185, 0, 0, 0, 0, 0, 0, 0, 0, 0, 0, 0, 0, 0, 0, 1083, 1084, 1084, 1085, 0, 0, 0, 0, 0, 0, 0, 0, 0, 0, 0, 0, 0, 0, 0, 0, 0, 0, 0, 0, 1083, 1084, 1084, 1085, 0, 0, 0, 0, 0, 0, 0, 0, 0, 0, 0, 0, 0, 0, 0, 0, 0, 0, 0, 0, 1083, 1084, 1084, 1085, 0, 0, 0, 0, 0, 0, 0, 0, 0, 0, 0, 0, 0, 0, 0, 0, 0, 0, 0, 0, 1083, 1084, 1084, 1085, 0, 0, 0, 0, 0, 0, 0, 0, 0, 0, 0, 0, 0, 0, 0, 0, 0, 0, 0, 0, 1083, 1084, 1084, 1085, 0, 0, 0, 0, 0, 0, 0, 0, 0, 0],
         "height":12,
         "name":"GROUND I",
         "opacity":1,
         "properties":
            {
             "priority":"1",
             "zIndex":"1"
            },
         "propertytypes":
            {
             "priority":"string",
             "zIndex":"string"
            },
         "type":"tilelayer",
         "visible":true,
         "width":24,
         "x":0,
         "y":0
        }, 
        {
         "data":[0, 0, 0, 0, 0, 0, 0, 0, 0, 0, 0, 0, 0, 0, 0, 0, 0, 0, 0, 0, 0, 0, 0, 0, 0, 0, 0, 0, 0, 0, 0, 0, 0, 0, 0, 0, 0, 0, 0, 0, 0, 0, 0, 0, 0, 0, 0, 0, 1025, 1025, 1025, 1025, 1025, 1025, 1025, 1025, 1025, 1025, 1025, 1025, 1025, 1025, 1025, 1025, 1025, 1025, 1025, 1025, 1025, 1025, 1025, 1025, 0, 0, 0, 0, 0, 0, 0, 0, 0, 0, 0, 0, 0, 0, 0, 0, 0, 0, 0, 0, 0, 0, 0, 0, 0, 0, 0, 0, 0, 0, 0, 0, 0, 0, 0, 0, 0, 0, 0, 0, 0, 0, 0, 0, 0, 0, 0, 0, 0, 0, 0, 0, 0, 0, 0, 0, 0, 0, 0, 0, 0, 0, 0, 0, 0, 0, 0, 1025, 1025, 1025, 1025, 1025, 1025, 1025, 1025, 1025, 1025, 1025, 1025, 1025, 1025, 1025, 0, 0, 0, 0, 1025, 1025, 1025, 1025, 1025, 1025, 0, 0, 0, 0, 0, 0, 0, 0, 0, 0, 0, 0, 0, 1025, 0, 0, 0, 0, 1025, 0, 0, 0, 0, 0, 0, 0, 0, 0, 0, 0, 0, 0, 0, 0, 0, 0, 0, 1025, 0, 0, 0, 0, 1025, 0, 0, 0, 0, 0, 0, 0, 0, 0, 0, 0, 0, 0, 0, 0, 0, 0, 0, 1025, 0, 0, 0, 0, 1025, 0, 0, 0, 0, 0, 0, 0, 0, 0, 0, 0, 0, 0, 0, 0, 0, 0, 0, 1025, 0, 0, 0, 0, 1025, 0, 0, 0, 0, 0, 0, 0, 0, 0, 0, 0, 0, 0, 0, 0, 0, 0, 0, 1025, 0, 0, 0, 0, 1025, 0, 0, 0, 0, 0, 0, 0, 0, 0],
         "height":12,
         "name":"COLLISIONS",
         "opacity":1,
         "properties":
            {
             "collision":"tile-base"
            },
         "propertytypes":
            {
             "collision":"string"
            },
         "type":"tilelayer",
         "visible":false,
         "width":24,
         "x":0,
         "y":0
        }],
 "nextobjectid":1,
 "orientation":"orthogonal",
 "renderorder":"right-down",
 "tiledversion":"1.0.3",
 "tileheight":32,
 "tilesets":[
        {
         "firstgid":1,
         "source":"lol.json"
        }, 
        {
         "firstgid":1025,
         "source":"Tile_Collisions_32x32.json"
        }, 
        {
         "firstgid":1049,
         "source":"K_Glutt_Tile.json"
        }],
 "tilewidth":32,
 "type":"map",
 "version":1,
 "width":24
}