{
  "id": "kuakin",
  "name": "KUAKIN",
  "description": "hai",
  "version": "0.1",
  "manifestVersion": 1,
  "_flags": [
    "do_olid"
  ],
  "image_deltas": [
    {
      "patch": "img/atlases/Omori_TitleScreen.png",
      "with": "olid/ddd934db9b86f4d161880f6ef5cc921833476f1da8bff00d0af36fc1db52d970.olid",
      "dir": false
    },
    {
      "patch": "img/atlases/SKETCHBOOKATLAS.png",
      "with": "olid/ebc030b91a07f4f6cd9a9e78da7b31c667cc42b305c483be2092e7e61c0fee01.olid",
      "dir": false
    },
    {
      "patch": "img/atlases/SKETCHBOOKATLAS_BLANK.png",
      "with": "olid/364ac9d04e740d6642d3ce29487643f57eee66a781d428f979fa3c07d4bd907c.olid",
      "dir": false
    },
    {
      "patch": "img/characters/$Basil_Climb.png",
      "with": "olid/9b588fcb856e9e5457c8956967e497e155321216716a9626bc8074b343b588c9.olid",
      "dir": false
    },
    {
      "patch": "img/characters/$DW_AUBREY_RUN%(8).png",
      "with": "olid/f5dff29e68bc16dacd870e9335a72a6518477b8bebe451a402b71a943acfc5d6.olid",
      "dir": false
    },
    {
      "patch": "img/characters/$DW_BASIL_RUN%(8).png",
      "with": "olid/67c6a13c9dcd0d564b57f2bbf9ccc3736489bcb527320d1ca0981182f912621b.olid",
      "dir": false
    },
    {
      "patch": "img/characters/$DW_HERO_RUN%(8).png",
      "with": "olid/f48b1c002968047366fcd2b1b052e78181b977e4770fc1bd70f598010adf7e96.olid",
      "dir": false
    },
    {
      "patch": "img/characters/$DW_KEL_RUN%(8).png",
      "with": "olid/7324191e711625b714c0b9053fa1fbb741d53dc20fb78523fd58fab7ef0bd49e.olid",
      "dir": false
    },
    {
      "patch": "img/characters/$DW_Mari_Omori_Hug.png",
      "with": "olid/29ed53163aabf65072c33570020a8c2f21dc10b2e2a900f47f0bf4a6d5d61582.olid",
      "dir": false
    },
    {
      "patch": "img/characters/$DW_OMORI_RUN%(8).png",
      "with": "olid/bf05a0a194f77dbb86290dba835d808b5298481b3aa77c0709a9c6f314c463b1.olid",
      "dir": false
    },
    {
      "patch": "img/characters/$basil_shadow.png",
      "with": "olid/9310014066778ad4dd832a3cafa2414058ceabd70d4062a4b8416ad393f584b3.olid",
      "dir": false
    },
    {
      "patch": "img/characters/$fa_bowen.png",
      "with": "olid/b3527dc94d205f968323dd874e57b2e5acb62e313bdceb8051e81cd2a445ea47.olid",
      "dir": false
    },
    {
      "patch": "img/characters/DW_AUBREY.png",
      "with": "olid/63e24485e7a95a0d69f8f802f424fc7e36afbdf2ceb4ce74118007d4f35c7063.olid",
      "dir": false
    },
    {
      "patch": "img/characters/DW_BASIL.png",
      "with": "olid/dee06ccc14d1ee159d5760af92b0cca38cd84b18c7868fb5ee8dd536aee003cc.olid",
      "dir": false
    },
    {
      "patch": "img/characters/DW_HERO.png",
      "with": "olid/5a99ae735a33db10878a49a353103cece8f588d9201e579a88ace920b5b3f465.olid",
      "dir": false
    },
    {
      "patch": "img/characters/DW_KEL.png",
      "with": "olid/27dcb2c5a6aee982b5906994ac51dea67eb29d3df5953d3287f5f3099ee1321c.olid",
      "dir": false
    },
    {
      "patch": "img/characters/DW_MARI.png",
      "with": "olid/dfa20f715de6c41e024dc5773a428cc6dd6901d11433d5b81c7d08364cc3626b.olid",
      "dir": false
    },
    {
      "patch": "img/characters/DW_OBJECTS_WSNB.png",
      "with": "olid/25c0c5e674cea4915e9e8393598baa0775ce24deab99e8fbb6126c42858b805a.olid",
      "dir": false
    },
    {
      "patch": "img/characters/DW_OMORI.png",
      "with": "olid/28acabdee5934f37edbad4a2602de3cbc0f4bb0e184d0a5ab2b623590b9aa412.olid",
      "dir": false
    },
    {
      "patch": "img/characters/DW_OMORI_2.png",
      "with": "olid/f6cbaf33ef4dfe33a8284fd10e8016b84cccc7f7a70262f5c0b2e9452e7e0176.olid",
      "dir": false
    },
    {
      "patch": "img/characters/FA_OMORI.png",
      "with": "olid/987b266211a33de463d3edcb93205760b5446518764d4432868f7792d296f731.olid",
      "dir": false
    },
    {
      "patch": "img/characters/FA_OMORI_3.png",
      "with": "olid/7323bb480f8a95b45ff8c4b0b12b4198dfb5425dc6a34a7d90807fc27fc3c85d.olid",
      "dir": false
    },
    {
      "patch": "img/characters/WS_Mari.png",
      "with": "olid/691dfbac5ce58870259ea90a73b71b249638385302294818e6b79657aa075c43.olid",
      "dir": false
    },
    {
      "patch": "img/faces/01_OMORI_BATTLE.png",
      "with": "olid/b6d4aaabbdea73928403b2306fd56db0ccbe7b148d96553435e5e28913b67a68.olid",
      "dir": false
    },
    {
      "patch": "img/faces/02_AUBREY_BATTLE.png",
      "with": "olid/e8b38de6a4ddeaeb51ca9d663ee6602e32d3b85cf6ec6883e31e9606c2388099.olid",
      "dir": false
    },
    {
      "patch": "img/faces/03_KEL_BATTLE.png",
      "with": "olid/f3cc5b129499a9c412647dddb5ffa4f1e99bdc93c852c9c7140b7d84f2b0e9b0.olid",
      "dir": false
    },
    {
      "patch": "img/faces/04_HERO_BATTLE.png",
      "with": "olid/04e49fd5092c15cffdc5a1827a43b37c69d8b1a665794311dadd687b63aaa718.olid",
      "dir": false
    },
    {
      "patch": "img/faces/MainCharacter_Basil.png",
      "with": "olid/98c2df9bed59d41e9f42261e3dfcc2fb9cd9b8c7ab17dcfda69d17bcb55e6d1c.olid",
      "dir": false
    },
    {
      "patch": "img/faces/MainCharacter_Mari.png",
      "with": "olid/b89efcd43af7db9a121dc6096ab2dcedcd3e08e68f7d2604657b032fea51a148.olid",
      "dir": false
    },
    {
      "patch": "img/faces/MainCharacters_DreamWorld.png",
      "with": "olid/024ea630087f11fe5d99069a5a6b28d06791aa3be5f04f5c4a94ab3d9006db55.olid",
      "dir": false
    },
    {
      "patch": "img/pictures/Dreamworld_polaroidBG_FA_day_BIG.png",
      "with": "olid/ea4e4e0e6d48eda7552f1978b1d93cbd312d4fb1c0aadedb34a44b4b3c75b9f3.olid",
      "dir": false
    },
    {
      "patch": "img/pictures/name_input.png",
      "with": "olid/37e871eaa186fb259e3f9a8fa7712329e55434a3547282676552b93a96edd353.olid",
      "dir": false
    },
    {
      "patch": "img/pictures/omori_wakeup_night.png",
      "with": "olid/96c71c3dfc8f226ac22bc6e0abe9b3d6908851998830ddb86b1152eab8f6aa8f.olid",
      "dir": false
    },
    {
      "patch": "img/system/itemCharms.png",
      "with": "olid/2c5d0a9726b13cccdd9b3e98a0438cf0459dcc5f5e90007cabe957b7a2b5b7c8.olid",
      "dir": false
    },
    {
      "patch": "img/system/itemWeapons.png",
      "with": "olid/bb486133ac9de62a56551023f4677d36ad6539aba38f749f56e7a9f1ee496092.olid",
      "dir": false
    },
    {
      "patch": "img/tilesets/DW_VastForest.png",
      "with": "olid/1af388247bfabbcf78be895ec579f9b2f9dc7296fc624a250b04f1934695960a.olid",
      "dir": false
    },
    {
      "patch": "img/tilesets/DW_VastForest_After.png",
      "with": "olid/4862de6cdb0afeef37b13b3dec626f02341d8ed8c100bef3d60deef4498d53c4.olid",
      "dir": false
    },
    {
      "patch": "img/tilesets/FA_night_interior.png",
      "with": "olid/ce2265c476af994b520fdc6d01047fb422fcab4fdf35ead45f79b0413cd2c82e.olid",
      "dir": false
    }
  ],
  "files": {
    "plugins": [
      "plugins/Omori Title Screen.js",
      "plugins/YIN_OmoriFixes.js",
      "plugins/turnorderfix2.js",
      "plugins/menutest.js",
      "plugins/DGT_Badges.js"
    ],
    "assets": [
      "audio/bgm/boss_jetstream.ogg",
      "audio/se/SE_stool.ogg",
      "audio/se/XAVIER_piano1.ogg",
      "audio/se/oh-hi-mr-frog-youre-not-supposed-to-be-here.ogg",
      "audio/se/pc_shutdown.ogg",
      "movies/hang_ws.mov",
      "movies/hang_ws.webm",
      "img/atlases/SEEKATLAS.png",
      "img/atlases/TAGATLAS_BG_3.png",
      "img/battlebacks1/battleback_V1.png",
      "img/battlebacks1/battleback_lost.png",
      "img/battlebacks1/battleback_park.png",
      "img/battlebacks1/battleback_something.png",
      "img/characters/$DW_MAGDA_RUN%(8).png",
      "img/characters/$DW_amanda.png",
      "img/characters/$FA_STRANGER_MG.png",
      "img/characters/$Jetstream.png",
      "img/characters/$UK_FILTH.png",
      "img/characters/$V1.png",
      "img/characters/$angy.png",
      "img/characters/$itemPedestals.png",
      "img/characters/$k_Noose.png",
      "img/characters/$smolv1.png",
      "img/characters/$sophia's_cat.png",
      "img/characters/0.png",
      "img/characters/1.png",
      "img/characters/10.png",
      "img/characters/2.png",
      "img/characters/3.png",
      "img/characters/4.png",
      "img/characters/5.png",
      "img/characters/6.png",
      "img/characters/7.png",
      "img/characters/8.png",
      "img/characters/9.png",
      "img/characters/DW_OMORI213.png",
      "img/characters/DW_Objects2.png",
      "img/characters/DW_PLAYGROUND.png",
      "img/characters/RW_Objects.png",
      "img/enemies/!battle_Jetstream_Sam.png",
      "img/enemies/!battle_V1.png",
      "img/enemies/!battle_filth.png",
      "img/faces/01_OMORI_BATTLEOG.png",
      "img/faces/04_HERO_BATTLEOG.png",
      "img/faces/149_sin_titulo.png",
      "img/faces/MainCharacters_DreamWorld_Old.png",
      "img/faces/s.png",
      "img/faces/susito.png",
      "img/parallaxes/pexels-pixabay-159020.png",
      "img/parallaxes/sunset.png",
      "img/pictures/ALKALINE_LAKE_Logo.png",
      "img/pictures/incident.png",
      "img/pictures/incident_2.png",
      "img/pictures/whitespace_intro_1.png",
      "img/sv_actors/!battle_Jetstream_Sam.png",
      "img/sv_actors/!battle_V1.png",
      "img/sv_actors/!battle_filth.png",
      "img/system/badge_toast_border_examplemod.png",
      "img/system/badge_toastless.png",
      "img/system/itemWeaponst.png",
      "img/system/magda_badge.png",
      "img/system/time_badge.png",
      "img/tilesets/DW_Beachb.png",
      "img/tilesets/DW_NeighborsRoom2.png",
      "img/tilesets/FA_night_interior_player.png",
      "img/tilesets/K_Glutt_Tile.png",
      "img/tilesets/K_Whitespace.png",
      "img/tilesets/awashawei.png",
      "img/tilesets/lol.png"
    ],
    "files": [],
    "maps": [
      "maps/map87.jsond",
      "maps/map95.jsond",
      "maps/DW_NEIGHBORS_ROOM2.json",
      "maps/K_Glutt_Tile.json",
      "maps/K_whitespace.json",
      "maps/awashawei.json",
      "maps/lol.json",
      "maps/map514.json",
      "maps/map515.json",
      "maps/map516.json",
      "maps/map5162.json",
      "maps/map517.json",
      "maps/map518.json",
      "maps/map519.json",
      "maps/map520.json",
      "maps/map521.json",
      "maps/map522.json",
      "maps/map523.json",
      "maps/map524.json",
      "maps/map525.json",
      "maps/map526.json",
      "maps/map527.json",
      "maps/map528.json",
      "maps/map529.json",
      "maps/map530.json",
      "maps/map531.json",
      "maps/map532.json",
      "maps/untitled.json"
    ],
    "text": [
      "languages/00_template.yamld",
      "languages/01_cutscenes_neighbors.yamld",
      "languages/01_map_whitespace.yamld",
      "languages/02_map_neighborsroom.yamld",
      "languages/System.yamld",
      "languages/XX_BLUE.yamld",
      "languages/XX_MARI_LOCATIONS.yamld",
      "languages/XX_QUEST.yamld",
      "languages/XX_SYSTEM.yamld",
      "languages/farawaytown_extras_misc.yamld",
      "languages/xx_battle_text.yamld",
      "languages/ANDREW.yaml",
      "languages/K_WHITESPACE.yaml",
      "languages/MAGDA.yaml",
      "languages/RW_interactions.yaml",
      "languages/SAMPATH.yaml",
      "languages/V1.yaml",
      "languages/act.yaml",
      "languages/animefigure.yaml",
      "languages/badgedata_kuakin.yaml",
      "languages/devmessages.yaml",
      "languages/general_cutscene.yaml",
      "languages/introcutsceneMAGDA.yaml",
      "languages/neighbors_interactions.yaml",
      "languages/piano_neighbors.yaml",
      "languages/playground_npc.yaml",
      "languages/sidequest_amanda.yaml",
      "languages/the_funny.yaml"
    ],
    "data": [
      "data/Actors.jsond",
      "data/Animations.jsond",
      "data/Armors.jsond",
      "data/Atlas.yamld",
      "data/Classes.jsond",
      "data/CommonEvents.jsond",
      "data/Enemies.jsond",
      "data/Map002.jsond",
      "data/Map003.jsond",
      "data/Map087.jsond",
      "data/Map088.jsond",
      "data/Map095.jsond",
      "data/Map999.jsond",
      "data/MapInfos.jsond",
      "data/Quests.yamld",
      "data/Skills.jsond",
      "data/States.jsond",
      "data/System.jsond",
      "data/Troops.jsond",
      "data/Weapons.jsond",
      "data/Map514.json",
      "data/Map515.json",
      "data/Map516.json",
      "data/Map517.json",
      "data/Map518.json",
      "data/Map519.json",
      "data/Map520.json",
      "data/Map521.json",
      "data/Map522.json",
      "data/Map523.json",
      "data/Map524.json",
      "data/Map525.json",
      "data/Map526.json",
      "data/Map527.json",
      "data/Map528.json",
      "data/Map529.json",
      "data/Map530.json",
      "data/Map531.json"
    ]
  },
  "$schema": "https://rph.space/oneloader.manifestv1.schema.json",
  "game_icon": "_bundletool_mod_icon.png"
}