{
  "id": "kuakin",
  "name": "KUAKIN",
  "description": "maldita cochinada sin terminar ya saquenlo",
  "version": "0.0000000000001",
  "manifestVersion": 1,
  "_flags": [
    "do_olid"
  ],
  "image_deltas": [
    {
      "patch": "img/atlases/Omori_TitleScreen.png",
      "with": "olid/c7e42866f191ce5854a2b97ce82fdd38b5a18502eef67d997f9a0c19918ecf2f.olid",
      "dir": false
    },
    {
      "patch": "img/atlases/SKETCHBOOKATLAS.png",
      "with": "olid/acc58d9d3b51d4dbc4c38bb40e8b5bcab7a0da1666a5d3e5dfb766aed9187d4a.olid",
      "dir": false
    },
    {
      "patch": "img/atlases/SKETCHBOOKATLAS_BLANK.png",
      "with": "olid/8f4c2143da53150d99b0842f6ca8149702f0418e6d1e452d6541877670c66a6d.olid",
      "dir": false
    },
    {
      "patch": "img/characters/$Basil_Climb.png",
      "with": "olid/be01b19ac5bd5ea125c1697af66f6327a190862481cf4638023e980d23dff269.olid",
      "dir": false
    },
    {
      "patch": "img/characters/$DW_AUBREY_RUN%(8).png",
      "with": "olid/2c934863fedd16e52bda8ac9f7c6d0ca9a3ffcc606021e9b67af889d1e1c5589.olid",
      "dir": false
    },
    {
      "patch": "img/characters/$DW_BASIL_RUN%(8).png",
      "with": "olid/17be0f8804af92461b3d99924498881c35489bd8e94619f5cd6f7705653de3eb.olid",
      "dir": false
    },
    {
      "patch": "img/characters/$DW_HERO_RUN%(8).png",
      "with": "olid/75ce330739868fd8f63c1d4f7b6e8a1bca13f4f0f8c81232adb10ae281902972.olid",
      "dir": false
    },
    {
      "patch": "img/characters/$DW_KEL_RUN%(8).png",
      "with": "olid/992afb55894b8bc481545e99f7bc34c83e83babd20306582c4321136dc893885.olid",
      "dir": false
    },
    {
      "patch": "img/characters/$DW_Mari_Omori_Hug.png",
      "with": "olid/eecc2b00180671c9c6bba9ce4abc295b6f44453e9e04ddf1d3dceb837ed44044.olid",
      "dir": false
    },
    {
      "patch": "img/characters/$DW_OMORI_RUN%(8).png",
      "with": "olid/b9a4aee077cf6229367552e3397d0630bfe743098bbebb64d940c160142cd2ad.olid",
      "dir": false
    },
    {
      "patch": "img/characters/$basil_shadow.png",
      "with": "olid/95c1ec66d5ca658d892a83e9fe1f4a239f2eec442961f5e0bdf3d35a28b6ddbf.olid",
      "dir": false
    },
    {
      "patch": "img/characters/$fa_bowen.png",
      "with": "olid/6a44c5318bb19ec9ef06876dea74e056743f243ce0cd7f2a8508aab2e479da0a.olid",
      "dir": false
    },
    {
      "patch": "img/characters/DW_AUBREY.png",
      "with": "olid/f9d08b00f3961dc79c3f223dd4d2eb3aa05c6aa668aa6c84f75adfef9690f179.olid",
      "dir": false
    },
    {
      "patch": "img/characters/DW_BASIL.png",
      "with": "olid/9e2a172593a4b3a21a18c9ce6c45d5000773b85b5570736b00fda557b8985764.olid",
      "dir": false
    },
    {
      "patch": "img/characters/DW_HERO.png",
      "with": "olid/30b97e5b15fcb30cd40d2722f7ebc91ef4074611d8c5865ffb001107d4275473.olid",
      "dir": false
    },
    {
      "patch": "img/characters/DW_KEL.png",
      "with": "olid/7d9e745e95ec8c09b362b57eaf904bc851adab1c63a2dcc7e01f040307308789.olid",
      "dir": false
    },
    {
      "patch": "img/characters/DW_MARI.png",
      "with": "olid/f7915857ba54ee43b034cbd3dbc45f9d54a0a0427e129b1c4ff142e9359091b1.olid",
      "dir": false
    },
    {
      "patch": "img/characters/DW_OBJECTS_WSNB.png",
      "with": "olid/a687c1faf13e1d540e7790405b8371ff983dc6706438b901c15c39e7c0119650.olid",
      "dir": false
    },
    {
      "patch": "img/characters/DW_OMORI.png",
      "with": "olid/17572975808597b9ae222c428d0def77e40a16217b5e5eb9d3a9799babbd4d03.olid",
      "dir": false
    },
    {
      "patch": "img/characters/DW_OMORI_2.png",
      "with": "olid/513c71ef929e1b84d3ba8a75f3e87a5957d43b367a17296a4b2744a3633f967d.olid",
      "dir": false
    },
    {
      "patch": "img/characters/FA_OMORI.png",
      "with": "olid/d8c2618c549bdb521ea34dec9b61022cd82938359acdc7184e48c18b3d9ff2a0.olid",
      "dir": false
    },
    {
      "patch": "img/characters/FA_OMORI_3.png",
      "with": "olid/7bc167da2990bdedcc5762f9bd4e492c257c1ca9b5f3e82d2b709d39baea562f.olid",
      "dir": false
    },
    {
      "patch": "img/characters/WS_Mari.png",
      "with": "olid/45a242d5d2c17c5a73f71fd153536da18cec35a6a2bcd5634ddff087c809497a.olid",
      "dir": false
    },
    {
      "patch": "img/faces/01_OMORI_BATTLE.png",
      "with": "olid/851e0112d5a512d773485a85d04ff14f8e461577667d408fc9c890c7d8663a5d.olid",
      "dir": false
    },
    {
      "patch": "img/faces/02_AUBREY_BATTLE.png",
      "with": "olid/813f33c1b4406462bc69453e17059fd9d76e8b0f2e8bc9051d681bc15917819f.olid",
      "dir": false
    },
    {
      "patch": "img/faces/03_KEL_BATTLE.png",
      "with": "olid/960f5552b846a3b0dd5b9b220573d2b6fa793239204abe091024a7af2fb3ed07.olid",
      "dir": false
    },
    {
      "patch": "img/faces/04_HERO_BATTLE.png",
      "with": "olid/bb5145547fcf95452dc3b6efbfc8a603fdb6de6beb23abd2cac51761e8f5bc1e.olid",
      "dir": false
    },
    {
      "patch": "img/faces/MainCharacter_Basil.png",
      "with": "olid/846d76045421ced854760446803a4722f731df4ebe5e5858d52e6c875ac336eb.olid",
      "dir": false
    },
    {
      "patch": "img/faces/MainCharacter_Mari.png",
      "with": "olid/b12d998983558627e3ceb536a29682e68a9fecc11f52526246291135a3b71cf1.olid",
      "dir": false
    },
    {
      "patch": "img/faces/MainCharacters_DreamWorld.png",
      "with": "olid/a1c03966566e08a36279c9cc679fd17d7c860c3e14d7f51705b062718d4d1119.olid",
      "dir": false
    },
    {
      "patch": "img/pictures/Dreamworld_polaroidBG_FA_day_BIG.png",
      "with": "olid/86de46c44a44c79de2870ab5d1d074f6337f4c5dda34781c4bdc58416ee76c3c.olid",
      "dir": false
    },
    {
      "patch": "img/pictures/name_input.png",
      "with": "olid/979092990451b6c952d1f6f00918c7d84aa96115da9c24d61a73631b38942924.olid",
      "dir": false
    },
    {
      "patch": "img/pictures/omori_wakeup_night.png",
      "with": "olid/4a9eeaca1c0724f3a6c2180aee7ebfcee18a0acde802e9f33d8b6f65bf9ff9fc.olid",
      "dir": false
    },
    {
      "patch": "img/system/itemCharms.png",
      "with": "olid/83d077d1fb4264873670b4664af6990cd720208dbba98a106d46ea00ddf6a26d.olid",
      "dir": false
    },
    {
      "patch": "img/system/itemWeapons.png",
      "with": "olid/d3f2b9312cb52bc5419da6a3d55177f0f816bdf89d8b531d07327a90936d6c2d.olid",
      "dir": false
    },
    {
      "patch": "img/tilesets/DW_VastForest.png",
      "with": "olid/6e1dcb8088695ade0a23b363475759cbc3f00e71ac3078b5a5510c4f782be865.olid",
      "dir": false
    },
    {
      "patch": "img/tilesets/DW_VastForest_After.png",
      "with": "olid/b615e4120fcc38be13369a60d35b694e1dd43d07be5a450684cf9eb17c16bce9.olid",
      "dir": false
    },
    {
      "patch": "img/tilesets/FA_night_interior.png",
      "with": "olid/09a22ff7f2d6ef5874b95012580629003e2b2312b49fde100c1cd934b3deaec4.olid",
      "dir": false
    }
  ],
  "files": {
    "plugins": [
      "plugins/Omori Title Screen.js",
      "plugins/turnorderfix2.js",
      "plugins/menutest.js",
      "plugins/DGT_Badges.js"
    ],
    "assets": [
      "audio/bgm/boss_jetstream.ogg",
      "audio/se/SE_stool.ogg",
      "audio/se/XAVIER_piano1.ogg",
      "audio/se/oh-hi-mr-frog-youre-not-supposed-to-be-here.ogg",
      "audio/se/pc_shutdown.ogg",
      "movies/hang_ws.mov",
      "movies/hang_ws.webm",
      "img/atlases/SEEKATLAS.png",
      "img/atlases/TAGATLAS_BG_3.png",
      "img/battlebacks1/battleback_V1.png",
      "img/battlebacks1/battleback_lost.png",
      "img/battlebacks1/battleback_park.png",
      "img/battlebacks1/battleback_something.png",
      "img/characters/$DW_MAGDA_RUN%(8).png",
      "img/characters/$DW_amanda.png",
      "img/characters/$FA_STRANGER_MG.png",
      "img/characters/$Jetstream.png",
      "img/characters/$V1.png",
      "img/characters/$angy.png",
      "img/characters/$filth.png",
      "img/characters/$itemPedestals.png",
      "img/characters/$k_Noose.png",
      "img/characters/$smolv1.png",
      "img/characters/$sophia's_cat.png",
      "img/characters/0.png",
      "img/characters/1.png",
      "img/characters/10.png",
      "img/characters/2.png",
      "img/characters/3.png",
      "img/characters/4.png",
      "img/characters/5.png",
      "img/characters/6.png",
      "img/characters/7.png",
      "img/characters/8.png",
      "img/characters/9.png",
      "img/characters/DW_OMORI213.png",
      "img/characters/DW_Objects2.png",
      "img/characters/RW_Objects.png",
      "img/enemies/!battle_Jetstream_Sam.png",
      "img/enemies/!battle_V1.png",
      "img/enemies/!battle_filth.png",
      "img/faces/01_OMORI_BATTLEOG.png",
      "img/faces/04_HERO_BATTLEOG.png",
      "img/faces/149_sin_titulo.png",
      "img/faces/MainCharacters_DreamWorld_Old.png",
      "img/faces/s.png",
      "img/faces/susito.png",
      "img/parallaxes/pexels-pixabay-159020.png",
      "img/parallaxes/sunset.png",
      "img/pictures/incident.png",
      "img/pictures/incident_2.png",
      "img/pictures/whitespace_intro_1.png",
      "img/sv_actors/!battle_Jetstream_Sam.png",
      "img/sv_actors/!battle_V1.png",
      "img/sv_actors/!battle_filth.png",
      "img/system/badge_toast_border_examplemod.png",
      "img/system/badge_toastless.png",
      "img/system/itemWeaponst.png",
      "img/system/magda_badge.png",
      "img/system/sos.png",
      "img/system/time_badge.png",
      "img/tilesets/DW_Beachb.png",
      "img/tilesets/DW_NeighborsRoom2.png",
      "img/tilesets/FA_night_interior_player.png",
      "img/tilesets/K_Glutt_Tile.png",
      "img/tilesets/K_Whitespace.png",
      "img/tilesets/awashawei.png",
      "img/tilesets/lol.png"
    ],
    "files": [],
    "maps": [
      "maps/map87.jsond",
      "maps/map95.jsond",
      "maps/DW_NEIGHBORS_ROOM2.json",
      "maps/K_Glutt_Tile.json",
      "maps/K_whitespace.json",
      "maps/awashawei.json",
      "maps/lol.json",
      "maps/map514.json",
      "maps/map515.json",
      "maps/map516.json",
      "maps/map5162.json",
      "maps/map517.json",
      "maps/map518.json",
      "maps/map519.json",
      "maps/map520.json",
      "maps/map521.json",
      "maps/map522.json",
      "maps/map523.json",
      "maps/map524.json",
      "maps/map525.json",
      "maps/map526.json",
      "maps/map527.json",
      "maps/map528.json",
      "maps/map529.json",
      "maps/map530.json",
      "maps/map531.json",
      "maps/map532.json",
      "maps/untitled.json"
    ],
    "text": [
      "languages/00_template.yamld",
      "languages/01_cutscenes_neighbors.yamld",
      "languages/01_map_whitespace.yamld",
      "languages/02_map_neighborsroom.yamld",
      "languages/System.yamld",
      "languages/XX_BLUE.yamld",
      "languages/XX_MARI_LOCATIONS.yamld",
      "languages/XX_QUEST.yamld",
      "languages/XX_SYSTEM.yamld",
      "languages/farawaytown_extras_misc.yamld",
      "languages/xx_battle_text.yamld",
      "languages/ANDREW.yaml",
      "languages/ENDOFPREVIEW.yaml",
      "languages/K_WHITESPACE.yaml",
      "languages/MAGDA.yaml",
      "languages/RW_interactions.yaml",
      "languages/SAMPATH.yaml",
      "languages/V1.yaml",
      "languages/act.yaml",
      "languages/animefigure.yaml",
      "languages/badgedata_kuakin.yaml",
      "languages/general_cutscene.yaml",
      "languages/introcutsceneMAGDA.yaml",
      "languages/neighbors_interactions.yaml",
      "languages/piano_neighbors.yaml",
      "languages/sidequest_amanda.yaml",
      "languages/the_funny.yaml"
    ],
    "data": [
      "data/Actors.jsond",
      "data/Animations.jsond",
      "data/Armors.jsond",
      "data/Atlas.yamld",
      "data/Classes.jsond",
      "data/CommonEvents.jsond",
      "data/Enemies.jsond",
      "data/Map002.jsond",
      "data/Map003.jsond",
      "data/Map087.jsond",
      "data/Map088.jsond",
      "data/Map095.jsond",
      "data/Map999.jsond",
      "data/MapInfos.jsond",
      "data/Quests.yamld",
      "data/Skills.jsond",
      "data/States.jsond",
      "data/System.jsond",
      "data/Troops.jsond",
      "data/Weapons.jsond",
      "data/Map514.json",
      "data/Map515.json",
      "data/Map516.json",
      "data/Map517.json",
      "data/Map518.json",
      "data/Map519.json",
      "data/Map520.json",
      "data/Map521.json",
      "data/Map522.json",
      "data/Map523.json",
      "data/Map524.json",
      "data/Map525.json",
      "data/Map526.json",
      "data/Map527.json",
      "data/Map528.json",
      "data/Map529.json",
      "data/Map530.json",
      "data/Map531.json",
      "data/Map532.json"
    ]
  },
  "$schema": "https://rph.space/oneloader.manifestv1.schema.json",
  "game_icon": "_bundletool_mod_icon.png"
}